Date,Time,Case,Primary Convective Type,Convective Lifecycle,TIMPS ID,TIMPS ID Propagation Speed [m/s],TIMPS ID Propagation Direction (from) [deg],AHI IR (Weighted) Start Lat During Sampling,AHI IR (Weighted) Start Lon During Sampling,AHI IR (Weighted) Start Time for Determining Start Coordinates [UTC],AHI IR (Weighted) End Lat During Sampling,AHI IR (Weighted) End Lon During Sampling,AHI IR (Weighted) End Time for Determining End Coordinates [UTC],Time Between Start/End Coordinates [hrs],TIMPS Notes,Echo Type,Environment Falling In,Environment Falling In Notes,Environment Falling In Ambiguous,Partially In Precip,Falling Through Weak Stratiform (Onion-ish Profile (Typically On Outer Edge of Storm)),Low-level Inflow Sonde,Mid-level Inflow Sonde,Region,Associated with a TC,Located Over Land,Primary Convective Propagation,Environment Relative to Convective Pass,Direction Relative to Convection,Type of Sonde,Sfc Pressure [mb],Sfc Height [m],PBL Top [mb],PBL Top Height [m],Freezing Level [mb],Freezing Level Height [m],Upper Level Cap [mb],Upper Level Cap Height [m],M10 Celsius Level [mb],M20 Celsius Level [mb],M30 Celsius Level [mb],PBL RH [%],Mid Layer RH [%],Upper Layer RH [%],Deep Layer RH [%],Below FZL MUCAPE [J/kg],Above FZL MUCAPE [J/kg],Deep Layer MUCAPE [J/kg],MU CIN [J/kg],MU LCL [mb],MU EL [mb],MU Max LI [degC],MU Max LI Level [mb],MU Max LI Layer,Below FZL MLCAPE [J/kg],Above FZL MLCAPE [J/kg],Deep Layer MLCAPE [J/kg],ML CIN [J/kg],ML LCL [mb],ML EL [mb],ML Max LI [degC],ML Max LI Level [mb],ML Max LI Layer,SHARPpy Direct Method PBL Speed Shear [kts],SHARPpy Direct Method PBL Directional Shear [deg],SHARPpy Direct Method Mid Layer Speed Shear [kts],SHARPpy Direct Method Mid Layer Directional Shear [deg],SHARPpy Direct Method Upper Layer Speed Shear [kts],SHARPpy Direct Method Upper Layer Directional Shear [deg],SHARPpy Direct Method Deep Layer Speed Shear [kts],SHARPpy Direct Method Deep Layer Directional Shear [deg],10mb Interval Theta Gradient PBL Top [mb],10mb Interval Theta Gradient PBL RH [%],10mb Interval Theta Gradient Mid Layer RH [%],Max Profile Height [m],500m Bottom Cap Profile Height [m],500m Bottom Cap Deep Layer Speed Shear [kts],500m Bottom Cap Deep Layer Directional Shear [deg]
20190829,234615,1,Isolated,Growing,N/A,5.6,47.6,9.41,118.87,0,8.92,118.33,4,4,Not associated with any TIMPS ID,Convective,Clear Near,,,,,No,No,Western Pacific,No,No,,,,Dropsonde,1008.1,12.2,947.5,559.7,,,644.4,3832.3,,,,92.4,,,,,,,,,,,,,,,,,,,,,,5.36,263.9,,,,,,,,,,3832.32,504.8,,
20190829,235222,1,Isolated,Growing,N/A,5.6,47.6,9.41,118.87,0,8.92,118.33,4,4,Not associated with any TIMPS ID,Convective,In Precip,,,Yes,,No,No,Western Pacific,No,No,,,,Dropsonde,1008.3,8,984.1,222.4,,,644.2,3826.6,,,,83.7,,,,,,,,,,,,,,,,,,,,,,1.57,245.6,,,,,,,,,,3826.57,502.2,,
20190830,205,1,Isolated,Growing,N/A,5.6,47.6,9.41,118.87,0,8.92,118.33,4,4,Not associated with any TIMPS ID,Convective,Clear Near,,,,,Yes,No,Western Pacific,No,No,,,,Dropsonde,1008.9,7.7,1000.7,80.1,563,4926.3,547.5,5150.5,,,,83.3,81.2,,,475.7,,,,963.5,,,,,374.3,,,,943.5,,,,,3.88,213.9,11.27,244.5,,,,,,,,5150.48,499.8,,
20190830,850,1,Isolated,Growing,N/A,5.6,47.6,9.41,118.87,0,8.92,118.33,4,4,Not associated with any TIMPS ID,Convective,Clear Near,,,,,No,Yes,Western Pacific,No,No,,,,Dropsonde,1009,14,969.6,367.8,561.5,4949.9,547.5,5157.7,,,,87.1,76.8,,,399.2,,,-3.5,960,,,,,342.8,,,-1.8,939.2,,,,,3.1,183.2,,,,,,,,,,5157.73,498.7,,
20190830,10453,1,Isolated,Mature,N/A,5.6,47.6,9.41,118.87,0,8.92,118.33,4,4,Not associated with any TIMPS ID,Stratiform,Clear Near,,,,,Yes,No,Western Pacific,No,No,,,,Dropsonde,1009.2,7.9,940.7,629.4,557.6,5010.9,536.3,5321.2,,,,88.1,77.6,,,438.9,,,-0.7,955.6,,,,,343.9,,,-0.7,935.4,,,,,1.05,193.9,13.12,262.9,,,,,,,,5321.24,502,,
20190830,14139,1,Isolated,Weakening,N/A,5.6,47.6,9.41,118.87,0,8.92,118.33,4,4,Not associated with any TIMPS ID,Convective,Clear Near,,,,,No,No,Western Pacific,No,No,,,,Dropsonde,1008.2,7.4,986.2,203.7,549,5130.5,436.9,6920.9,454.4,,,64,69.4,,,90.7,,,-34.6,886.6,,,,,9.2,,,-88.2,867.2,,,,,2.87,68.6,,,,,,,,,,6920.92,500.3,,
20190830,22234,1,Isolated,Weakening,N/A,5.6,47.6,9.41,118.87,0,8.92,118.33,4,4,Not associated with any TIMPS ID,N/A,Clear Near,,,,,No,No,Western Pacific,No,No,,,,Dropsonde,1008.4,7.9,933.4,690.4,,,762.2,2430.3,,,,89.5,,,,,,,,,,,,,,,,,,,,,,6.19,205,,,,,,,,,,2430.31,499.2,,
20190830,43305,2,Isolated,Weakening,N/A,10.8,12,12.86,121.53,3,12.17,121.38,5,2,Not associated with any TIMPS ID,Stratiform,Clear Near,,,,,Yes,Yes,Western Pacific,No,No,,,,Dropsonde,1006.6,8.1,943.1,583.7,,,614.8,4205.7,,,,89.6,,,,,,,,,,,,,,,,,,,,,,2.25,307.5,,,,,,,,,,4205.74,498.4,,
20190830,43805,2,Isolated,Weakening,N/A,10.8,12,12.86,121.53,3,12.17,121.38,5,2,Not associated with any TIMPS ID,Stratiform,Clear Near,,,,,Yes,No,Western Pacific,No,No,,,,Dropsonde,1006.5,8,936.4,646.2,,,631.6,3986,,,,92,,,,,,,,,,,,,,,,,,,,,,0.49,219.9,,,,,,,,,,3985.98,502.1,,
20190831,222,3,Isolated,Weakening,N/A,12.9,54.3,10.37,120.55,23,9.88,119.86,1,2,Not associated with any TIMPS ID,N/A,Clear Near,,,,,No,Yes,Western Pacific,No,Yes,,,,Dropsonde,1007.1,7.8,956.4,464.9,560.3,4947.4,474.7,6263.4,,,,84.7,69.5,,,403.9,,,-3.9,952,,,,,217.1,,,-15.3,913.6,,,,,1.64,21.4,23,331.7,,,,,,,,6263.4,500.4,,
20190831,52601,4,Isolated,Growing,N/A,12,4.4,9.6,122.93,4,8.82,122.87,6,2,Not associated with any TIMPS ID,Stratiform,Clear Near,,,,,Yes,Yes,Western Pacific,No,Yes,,,,Dropsonde,1005.5,5.5,917.2,815,557.2,4982.5,397.5,7619.2,438.8,,,90.6,83.1,73.6,81.2,451.4,622.8,1074.2,0,952.8,,,,,309.3,481.1,790.4,0,932.5,,,,,7.2,339.8,14.07,8.9,12.01,52.6,29.69,18.2,,,,8209.89,500.4,29,24.3
20190904,20409,5,Isolated,Mature,N/A,17.4,83.8,7.15,119.76,2,6.97,118.07,5,3,Not associated with any TIMPS ID,N/A,Clear Near,,,,,Yes,Yes,Western Pacific,No,No,,,,Dropsonde,1007.6,7.4,938.2,639.3,578,4712.6,515.1,5631.9,,,,88.3,60.1,,,385.7,,,-0.7,947.3,,,,,202.5,,,-19.2,911.4,,,,,5.3,267.4,12.82,338.7,,,,,,,,5631.89,499.7,,
20190904,34903,5,Isolated,Weakening,N/A,17.4,83.8,7.15,119.76,2,6.97,118.07,5,3,Not associated with any TIMPS ID,N/A,Clear Near,,,,,No,No,Western Pacific,No,No,,,,Dropsonde,1005.6,12.8,950.1,516.7,573.9,4759.2,473.9,6282,,,,88.3,59.2,,,433.3,,,,951.1,,,,,,,,,,,,,,1.04,19.1,,,,,,,,,,6282.01,501.9,,
20190904,50619,6,Isolated,Mature,N/A,23.4,81.6,7.52,121.43,5,7.3,119.92,7,2,Not associated with any TIMPS ID,N/A,Clear Near,,,,,Yes,Yes,Western Pacific,No,No,,,,Dropsonde,1006.2,5,915,842.5,,,581.5,4652.6,,,,88.6,,,,,,,,,,,,,,,,,,,,,,4.12,248.5,,,,,,,,,,4652.64,499.1,,
20190904,61736,7,Isolated,Mature,N/A,20,89,8.67,121.2,6,8.65,119.89,8,2,Not associated with any TIMPS ID,N/A,Clear Near,,,,,Yes,Yes,Western Pacific,No,No,,,,Dropsonde,1005.6,7.8,926.2,735.4,,,627.5,4034.2,,,,92.3,,,,,,,,,,,,,,,,,,,,,,4.25,322,,,,,,,,,,4034.15,500.2,,
20190907,63558,8,Isolated,Weakening,N/A,34.9,59.3,13.07,119.77,6,11.92,117.78,8,2,Not associated with any TIMPS ID,Convective,In Cloud,,,,,No,No,Western Pacific,No,No,,,,Dropsonde,1005.8,11.2,903.1,961.7,554.1,5045.8,420.9,7201.2,444.3,,,89.7,83.6,,,550.6,,,0,960,,,,,362.9,,,-0.4,932,,,,,14.79,259.2,26.83,54.5,,,,,,,,7201.19,499.7,,
20190909,4737,9,Isolated,Growing,N/A,2.8,54.1,17.07,122.39,0,16.91,122.16,3,3,Not associated with any TIMPS ID,N/A,Clear Near,,,,,No,No,Western Pacific,No,Yes,,,,Dropsonde,1005.5,7.7,951.9,493.6,559.2,4967.8,515.3,5626.3,,,,86.5,80.3,,,444.1,,,-4,957.2,,,,,240.7,,,-31.9,910.7,,,,,2.21,297.8,,,,,,,,,,5626.32,498.6,,
20190909,5236,9,Isolated,Growing,N/A,2.8,54.1,17.07,122.39,0,16.91,122.16,3,3,Not associated with any TIMPS ID,N/A,In Cloud,,,,,No,No,Western Pacific,No,Yes,,,,Dropsonde,1005.2,7.6,952.6,485,536.3,5303.3,515.3,5623.4,,,,85,76.6,,,568.7,,,,957.7,,,,,296.7,,,,904.9,,,,,1.55,36.8,,,,,,,,,,5623.45,500,,
20190909,23019,9,Isolated,Weakening,N/A,2.8,54.1,17.07,122.39,0,16.91,122.16,3,3,Not associated with any TIMPS ID,N/A,Clear Near,,,,,No,No,Western Pacific,No,Yes,,,,Dropsonde,1005.6,8,935.8,645.6,528.3,5425.6,473.6,6295.4,,,,90.1,81.1,,,596.5,,,,953.3,,,,,,,,,,,,,,2.9,281.1,7.2,203.9,,,,,,,,6295.41,500.7,,
20190909,5925,10,Isolated,Growing,N/A,1.9,152.5,18.75,122.99,1,18.86,122.93,3,2,Not associated with any TIMPS ID,Convective,In Cloud,,,,,Yes,Yes,Western Pacific,No,No,,,,Dropsonde,1006.1,13,997.3,90.6,530.5,5397.3,514.5,5645.5,,,,71.4,81.9,,,273.4,,,-20.8,920.3,,,,,168,,,-21.5,897.2,,,,,2.05,313.7,,,,,,,,,,5645.47,501.1,,
20190909,10900,10,Isolated,Growing,N/A,1.9,152.5,18.75,122.99,1,18.86,122.93,3,2,Not associated with any TIMPS ID,Convective,Clear Near,,,,,No,No,Western Pacific,No,No,,,,Dropsonde,1006.2,7.7,974.5,292,545.9,5165.7,516.1,5619.8,,,,79.4,80.2,,,570.9,,,-0.1,957.2,,,,,289.2,,,-18.5,920.5,,,,,3.96,41.1,,,,,,,,,,5619.82,498.8,,
20190909,11453,10,Isolated,Growing,N/A,1.9,152.5,18.75,122.99,1,18.86,122.93,3,2,Not associated with any TIMPS ID,Convective,In Precip,,,,Yes,No,No,Western Pacific,No,No,,,,Dropsonde,1006.6,8.4,1001.2,55.4,540.2,5255.6,515.7,5627.6,,,,87.1,90.3,,,308.2,,,,948.9,,,,,110.8,,,,899.8,,,,,1.07,253.2,17.42,182.3,,,,,,,,5627.57,498.8,,
20190909,21759,10,Isolated,Weakening,N/A,1.9,152.5,18.75,122.99,1,18.86,122.93,3,2,Not associated with any TIMPS ID,Convective,Clear Near,,,,,No,No,Western Pacific,No,No,,,,Dropsonde,1005.1,7.6,1000.7,46.8,544,5187,474.1,6283.3,,,,68.5,74.9,,,175.3,,,-72.5,935.2,,,,,22.1,,,-71.2,864.6,,,,,1.42,99.4,9.49,200.4,,,,,,,,6283.29,499.3,,
20190909,22251,10,Isolated,Weakening,N/A,1.9,152.5,18.75,122.99,1,18.86,122.93,3,2,Not associated with any TIMPS ID,Convective,Clear Near,,,,,No,No,Western Pacific,No,No,,,,Dropsonde,1005.5,7.7,960.2,419,546.1,5158,474.5,6280.3,,,,85,80.1,,,647.9,,,-1.6,965.8,,,,,264.6,,,-22.7,900.9,,,,,3.98,312.5,12.67,184.1,,,,,,,,6280.26,497.9,,
20191001,221401,11,Isolated,Growing,N/A,7.8,65.5,16.76,119.95,22,16.55,119.47,0,2,Not associated with any TIMPS ID,N/A,Clear Near,,,,,No,No,Western Pacific,No,No,,,,Dropsonde,1008.7,13.9,963.1,423.8,562.8,4932.3,535.5,5333.5,,,,81,76.7,,,504.6,,,-1.7,971.6,,,,,273.4,,,-4.6,925.7,,,,,2.56,273.7,8.38,349.4,,,,,,,,5333.48,501.3,,
20191002,54503,12,Isolated,Mature,N/A,8.9,46.4,18.13,120.77,6,17.93,120.55,7,1,Not associated with any TIMPS ID,N/A,Clear Near,,,,,Yes,Yes,Western Pacific,No,Yes,,,,Dropsonde,1008.8,7.7,933,699,,,581.2,4675.2,,,,87.8,,,,,,,,,,,,,,,,,,,,,,3.94,145,,,,,,,,,,4675.21,500.9,,
20191003,231335,13,Isolated,Growing,1857693,6.8,256.9,14.8,122.43,0,14.85,122.65,1,1,"Technically associated with 1857693, but the tracked IMERG propagation does not match the IR imagery, so decided to manually calculate propagation from the IR imagery",N/A,Clear Near,,,,,No,No,Western Pacific,No,No,,,,Dropsonde,1008.6,7.9,953.9,500,581.4,4651.9,492.4,5966.5,,,,77,78.9,,,236,,,-4.1,925,,,,,149.1,,,-13.2,913.8,,,,,8.29,82.5,10.72,254.3,,,,,,,,5966.46,500,,
20191003,232603,13,Isolated,Growing,1857693,6.8,256.9,14.8,122.43,0,14.85,122.65,1,1,"Technically associated with 1857693, but the tracked IMERG propagation does not match the IR imagery, so decided to manually calculate propagation from the IR imagery",N/A,Clear Near,,,,,No,No,Western Pacific,No,No,,,,Dropsonde,1008.9,13.1,991.7,165,582.2,4646.4,581.5,4660,,,,79.7,77.5,,,139.3,,,-29.7,914,,,,,90.4,,,-49.2,906.2,,,,,2.11,115.9,6.63,2.4,,,,,,,,4660.02,500.8,,
20191003,233744,13,Isolated,Growing,1857693,6.8,256.9,14.8,122.43,0,14.85,122.65,1,1,"Technically associated with 1857693, but the tracked IMERG propagation does not match the IR imagery, so decided to manually calculate propagation from the IR imagery",N/A,Clear Near,,,,,No,No,Western Pacific,No,No,,,,Dropsonde,1009.4,7.4,951.3,529.6,581.3,4656.8,580.6,4669,,,,86.8,81.6,,,290.9,,,-5.5,947.4,,,,,226.4,,,-7.7,926.5,,,,,5.83,83.3,,,,,,,,,,4669.04,497.9,,
20191004,5107,14,Isolated,Weakening,N/A,2.5,7,14.1,119.29,0,14.02,119.28,1,1,Not associated with any TIMPS ID,N/A,Clear Near,,,,,Yes,No,Western Pacific,No,No,,,,Dropsonde,1010,8.1,979.6,278.9,,,580.8,4674.4,,,,86.7,,,,,,,,,,,,,,,,,,,,,,3.18,288.5,,,,,,,,,,4674.4,501.3,,
20191004,5447,14,Isolated,Weakening,N/A,2.5,7,14.1,119.29,0,14.02,119.28,1,1,Not associated with any TIMPS ID,N/A,Clear Near,,,,,No,No,Western Pacific,No,No,,,,Dropsonde,1010.2,5.2,963.7,422.2,,,581.2,4670.2,,,,82.4,,,,,,,,,,,,,,,,,,,,,,6.23,273.5,,,,,,,,,,4670.15,501.7,,
20191004,5835,14,Isolated,Weakening,N/A,2.5,7,14.1,119.29,0,14.02,119.28,1,1,Not associated with any TIMPS ID,N/A,Clear Near,,,,,No,No,Western Pacific,No,No,,,,Dropsonde,1009.4,7.6,966.9,388.8,,,580.2,4677.4,,,,82.7,,,,,,,,,,,,,,,,,,,,,,3.43,254,,,,,,,,,,4677.35,498.2,,
20191004,10323,14,Isolated,Weakening,N/A,2.5,7,14.1,119.29,0,14.02,119.28,1,1,Not associated with any TIMPS ID,N/A,Clear Near,,,,,No,No,Western Pacific,No,No,,,,Dropsonde,1009.7,13.5,956.2,495.1,584.7,4621.6,581.2,4672.2,,,,84.2,80.7,,,369.1,,,-7.7,953.2,,,,,264.5,,,-15.3,920.4,,,,,7.74,284.9,,,,,,,,,,4672.19,500.1,,
20190907,3118,15,Organized,Growing,1697089,2.5,30.7,17.7,120,1,17.49,119.87,4,3,"Technically associated with 1697089, but the tracked IMERG propagation does not match the IR imagery, so decided to manually calculate propagation from the IR imagery",N/A,Clear Near,,,,,Yes,Yes,Western Pacific,No,No,,,,Dropsonde,1004.8,8.1,928.9,703.1,537.6,5296.5,515.8,5629.9,,,,90.3,75,,,475.5,,,0,963.9,,,,,266.4,,,0,934.2,,,,,8.34,259.6,18.63,27,,,,,,,,5629.92,500.2,,
20190907,4214,15,Organized,Growing,1697089,2.5,30.7,17.7,120,1,17.49,119.87,4,3,"Technically associated with 1697089, but the tracked IMERG propagation does not match the IR imagery, so decided to manually calculate propagation from the IR imagery",N/A,In Cloud,,,,,No,No,Western Pacific,No,No,,,,Dropsonde,1004,11.8,926,728.4,539,5272.5,516.1,5623.6,,,,90.9,79.1,,,360.9,,,-0.1,952.6,,,,,264.2,,,-0.1,935.3,,,,,6.34,261.8,12.08,32,,,,,,,,5623.65,500.7,,
20190907,32811,15,Organized,Growing,1697089,2.5,30.7,17.7,120,1,17.49,119.87,4,3,"Technically associated with 1697089, but the tracked IMERG propagation does not match the IR imagery, so decided to manually calculate propagation from the IR imagery",Convective,In Precip,,,Yes,,No,No,Western Pacific,No,No,,,,Dropsonde,1005.2,7.9,975.1,277.6,531.3,5386.9,519.8,5569.9,,,,92.2,83.2,,,370.8,,,-2.1,979.4,,,,,199.7,,,-1.8,939.1,,,,,2.48,140.1,,,,,,,,,,5569.94,500.4,,
20190907,30551,16,Organized,Growing,N/A,10.1,65.7,15.68,119.87,4,15.41,119.25,6,2,Not associated with any TIMPS ID,Convective,Clear Near,,,,,Yes,Yes,Western Pacific,No,No,,,,Dropsonde,1004.7,12.6,929.6,700.8,556,5023.5,515.7,5626.3,,,,89.3,77.2,,,442.6,,,0,956.9,,,,,271.7,,,-1.2,928.2,,,,,15.36,257.6,13.72,65,,,,,,,,5626.28,503.3,,
20190907,42814,16,Organized,Growing,N/A,10.1,65.7,15.68,119.87,4,15.41,119.25,6,2,Not associated with any TIMPS ID,N/A,Clear Near,,,,,Yes,N/A,Western Pacific,No,No,,,,Dropsonde,1005.6,8.4,932.2,679.5,551.9,5089.3,510,5719.1,,,,86.5,78.9,,,396.5,,,-0.3,953,,,,,249.8,,,-1.3,927,,,,,11.07,261.8,,,,,,,,,,5719.07,497.7,,
20190907,71254,16,Organized,Weakening,N/A,10.1,65.7,15.68,119.87,4,15.41,119.25,6,2,Not associated with any TIMPS ID,N/A,Clear Near,,,,,No,No,Western Pacific,No,No,,,,Dropsonde,998.5,69,924.6,749.3,561.5,4935.9,417.6,7258.6,453.4,,,88.6,80.7,,,427.7,,,-0.4,950.7,,,,,278.3,,,-0.3,924.3,,,,,10.58,278.6,23.09,73.7,,,,,,,,7258.6,501.5,,
20190915,224727,17,Organized,Weakening,1751311,8.5,35.8,11.23,121.15,22,9.66,120,5,7,"Technically associated with 1751311, but the tracked IMERG propagation does not match the IR imagery, so decided to manually calculate propagation from the IR imagery",Stratiform,In Cloud,"APR curtain plot would indicate In Precip, but no indication of that in the Skew-T",,,,Yes,Yes,Western Pacific,No,No,,,,Dropsonde,1006.2,7.7,952.1,496.7,582,4640.2,536,5298.4,,,,90.3,79.9,,,451.4,,,-0.4,970.6,,,,,237.8,,,-3.4,927.9,,,,,9.69,245.4,,,,,,,,,,5298.37,501.6,,
20190915,225042,17,Organized,Weakening,1751311,8.5,35.8,11.23,121.15,22,9.66,120,5,7,"Technically associated with 1751311, but the tracked IMERG propagation does not match the IR imagery, so decided to manually calculate propagation from the IR imagery",Stratiform,Clear Near,"APR curtain plot would indicate In Precip, but no indication of that in the Skew-T",,,,Yes,Yes,Western Pacific,No,No,,,,Dropsonde,1006.4,19,974.2,306.8,570.6,4808.9,536.4,5306.9,,,,83.3,79.8,,,335.1,,,-12.5,952.2,,,,,182.9,,,-14.7,910.1,,,,,4.59,270.9,7.94,196.8,,,,,,,,5306.86,501.6,,
20190915,225622,17,Organized,Weakening,1751311,8.5,35.8,11.23,121.15,22,9.66,120,5,7,"Technically associated with 1751311, but the tracked IMERG propagation does not match the IR imagery, so decided to manually calculate propagation from the IR imagery",Convective,Clear Near,,,,,Yes,Yes,Western Pacific,No,No,,,,Dropsonde,1006.9,12.6,905.5,947.6,562.1,4929.4,535.4,5319,,,,90,79.7,,,565.5,,,,955.3,,,,,402.2,,,,934.6,,,,,11.95,278.4,,,,,,,,,,5318.96,501.4,,
20190916,31318,17,Organized,Weakening,1751311,8.5,35.8,11.23,121.15,22,9.66,120,5,7,"Technically associated with 1751311, but the tracked IMERG propagation does not match the IR imagery, so decided to manually calculate propagation from the IR imagery",Stratiform,In Cloud,,,,,Yes,Yes,Western Pacific,No,No,,,,Dropsonde,1007.6,8.7,968.3,362.4,549.7,5103.3,454.9,6596.4,,,,78,77,,,555.7,,,,950.6,,,,,305.4,,,,907.8,,,,,1.94,200.4,11.95,3.1,,,,,,,,6596.42,502.1,,
20190916,31516,17,Organized,Weakening,1751311,8.5,35.8,11.23,121.15,22,9.66,120,5,7,"Technically associated with 1751311, but the tracked IMERG propagation does not match the IR imagery, so decided to manually calculate propagation from the IR imagery",Stratiform,Clear Near,,,,,Yes,No,Western Pacific,No,No,,,,Dropsonde,1007.2,7.6,925.2,758.8,551.4,5082.2,455.1,6595.5,,,,88,65,,,685.5,,,0,966.1,,,,,425.8,,,-1.2,928.2,,,,,12.93,260,12.48,19.8,,,,,,,,6595.5,499.3,,
20190916,32347,17,Organized,Weakening,1751311,8.5,35.8,11.23,121.15,22,9.66,120,5,7,"Technically associated with 1751311, but the tracked IMERG propagation does not match the IR imagery, so decided to manually calculate propagation from the IR imagery",Convective,Clear Near,,,,,Yes,Yes,Western Pacific,No,No,,,,Dropsonde,1007.5,8.1,917.4,835.5,549.8,5110.8,454.8,6605.3,,,,85.5,63.3,,,663.7,,,-1.1,958.7,,,,,427.1,,,-0.5,924.3,,,,,10.02,294.8,10.87,28.5,,,,,,,,6605.33,500.2,,
20190917,22605,18,Organized,Mature,1746726,6.7,110.7,19.04,126.43,1,19.82,124.3,11,10,"Technically associated with 1746726, but the tracked IMERG propagation does not match the IR imagery, so decided to manually calculate propagation from the IR imagery",N/A,In Precip,,,,Yes,No,No,Western Pacific,No,No,,,,Radiosonde,999,13.8,952.4,445,551.5,5068,398,7620.3,423.3,333.9,272.2,95.2,65.7,96,76.8,204.3,765.2,969.5,-70.5,978.4,52.9,47.62,52.9,,107.4,541.6,649,-197.7,927.4,52.9,49.65,52.9,,10.98,359.7,64.39,104.5,31.8,269.8,30.86,99.6,,,,20844.9,498.7,34.7,116.8
20190917,22640,18,Organized,Mature,1746726,6.7,110.7,19.04,126.43,1,19.82,124.3,11,10,"Technically associated with 1746726, but the tracked IMERG propagation does not match the IR imagery, so decided to manually calculate propagation from the IR imagery",Stratiform,In Cloud,,,,,No,No,Western Pacific,No,No,,,,Dropsonde,1004.2,13.4,956.4,445.6,531.5,5376.8,474.4,6279.6,,,,86.9,84.1,,,288.6,,,-8,952.9,,,,,148.6,,,-23.7,917.6,,,,,5.96,279.4,,,,,,,,,,6279.58,500.1,,
20190917,23416,18,Organized,Mature,1746726,6.7,110.7,19.04,126.43,1,19.82,124.3,11,10,"Technically associated with 1746726, but the tracked IMERG propagation does not match the IR imagery, so decided to manually calculate propagation from the IR imagery",Convective,In Cloud,,,,,No,No,Western Pacific,No,No,,,,Dropsonde,1004.3,7.6,994.9,91.6,551.8,5071,474.6,6269.1,,,,87.9,86.2,,,353.9,,,,979.1,,,,,,,,,,,,,,6.52,214.4,14.21,172.4,,,,,,,,6269.08,499.7,,
20190917,23730,18,Organized,Mature,1746726,6.7,110.7,19.04,126.43,1,19.82,124.3,11,10,"Technically associated with 1746726, but the tracked IMERG propagation does not match the IR imagery, so decided to manually calculate propagation from the IR imagery",Convective,Clear Near,,,,,No,No,Western Pacific,No,No,,,,Dropsonde,1004.1,7.8,926.8,717.1,548.6,5114.7,474.7,6266.6,,,,86.5,78.1,,,443.4,,,0,949.4,,,,,240.5,,,-4.1,919.3,,,,,10.07,289.7,13.41,110.9,,,,,,,,6266.65,501.4,,
20190917,24711,18,Organized,Mature,1746726,6.7,110.7,19.04,126.43,1,19.82,124.3,11,10,"Technically associated with 1746726, but the tracked IMERG propagation does not match the IR imagery, so decided to manually calculate propagation from the IR imagery",Convective,Clear Near,,,,,No,No,Western Pacific,No,No,,,,Dropsonde,1003.1,12.4,981.6,204.6,549.6,5094.9,474.9,6261.3,,,,89.5,81.2,,,305.2,,,-14.2,976.1,,,,,175,,,-26.9,920.7,,,,,3.98,224.6,10.15,161.2,,,,,,,,6261.33,501.2,,
20190917,25029,18,Organized,Mature,1746726,6.7,110.7,19.04,126.43,1,19.82,124.3,11,10,"Technically associated with 1746726, but the tracked IMERG propagation does not match the IR imagery, so decided to manually calculate propagation from the IR imagery",Convective,In Precip,,,,Yes,No,No,Western Pacific,No,No,,,,Dropsonde,1003.4,7.5,990.2,125.5,547.4,5126.8,473.4,6288.7,,,,84.7,89.2,,,202.4,,,,922.1,,,,,103.1,,,,916.6,,,,,8.12,226.5,16.94,102,,,,,,,,6288.66,498,,
20190917,30707,18,Organized,Mature,1746726,6.7,110.7,19.04,126.43,1,19.82,124.3,11,10,"Technically associated with 1746726, but the tracked IMERG propagation does not match the IR imagery, so decided to manually calculate propagation from the IR imagery",Stratiform,Clear Near,,,,,No,N/A,Western Pacific,No,No,,,,Dropsonde,1001.7,8.4,953.4,446.4,531.7,5356.1,435.9,6922.3,,,,88.9,82.1,,,450,,,-0.8,959.6,,,,,209.7,,,-16.9,913.2,,,,,7.76,264.1,,,,,,,,,,6922.32,502.2,,
20190917,31701,18,Organized,Mature,1746726,6.7,110.7,19.04,126.43,1,19.82,124.3,11,10,"Technically associated with 1746726, but the tracked IMERG propagation does not match the IR imagery, so decided to manually calculate propagation from the IR imagery",Stratiform,In Precip,,,Yes,,No,No,Western Pacific,No,No,,,,Dropsonde,1003.6,7.8,991,120.2,549.2,5099.4,436.3,6921,,,,91,89.9,,,368,,,,980.9,,,,,285.8,,,,936.2,,,,,3.58,253.8,3.6,136.7,,,,,,,,6920.97,499.6,,
20190917,34836,18,Organized,Mature,1746726,6.7,110.7,19.04,126.43,1,19.82,124.3,11,10,"Technically associated with 1746726, but the tracked IMERG propagation does not match the IR imagery, so decided to manually calculate propagation from the IR imagery",Convective,Clear Near,,,,,No,No,Western Pacific,No,No,,,,Dropsonde,1003.9,5.3,912.3,850.6,550.8,5079.8,436.4,6913.5,,,,87.6,76.8,,,450.1,,,0,948.8,,,,,268.1,,,-0.2,924.1,,,,,11.51,296.7,12.8,159.8,,,,,,,,6913.49,496.5,,
20190917,35733,18,Organized,Mature,1746726,6.7,110.7,19.04,126.43,1,19.82,124.3,11,10,"Technically associated with 1746726, but the tracked IMERG propagation does not match the IR imagery, so decided to manually calculate propagation from the IR imagery",Convective,Clear Near,,,,,No,No,Western Pacific,No,No,,,,Dropsonde,1003.8,8.1,932.3,662.9,545.6,5162,435.8,6929.9,,,,86.7,72.6,,,389.8,,,-0.8,944.8,,,,,290.7,,,-0.5,928,,,,,7.87,274.8,5.19,28.3,,,,,,,,6929.91,499.4,,
20190917,40554,18,Organized,Mature,1746726,6.7,110.7,19.04,126.43,1,19.82,124.3,11,10,"Technically associated with 1746726, but the tracked IMERG propagation does not match the IR imagery, so decided to manually calculate propagation from the IR imagery",Convective,Clear Near,,,,,No,No,Western Pacific,No,No,,,,Dropsonde,1002.5,7.7,970.6,294.3,549.3,5091.3,437.2,6893.2,,,,91,83.6,,,328.8,,,-5.5,966,,,,,243,,,-4.2,932.4,,,,,4.13,238.9,12.76,139.4,,,,,,,,6893.21,499.3,,
20190917,45310,18,Organized,Mature,1746726,6.7,110.7,19.04,126.43,1,19.82,124.3,11,10,"Technically associated with 1746726, but the tracked IMERG propagation does not match the IR imagery, so decided to manually calculate propagation from the IR imagery",Convective,In Cloud,,,,,No,No,Western Pacific,No,No,,,,Dropsonde,1002.6,8.4,974.9,257.9,550.4,5075.8,454.7,6592.1,,,,85.6,82.8,,,357.9,,,-8.9,962.2,,,,,259.2,,,-6.9,924.6,,,,,6.44,203.9,9.51,193.9,,,,,,,,6592.06,498.7,,
20190917,65607,18,Organized,Mature,1746726,6.7,110.7,19.04,126.43,1,19.82,124.3,11,10,"Technically associated with 1746726, but the tracked IMERG propagation does not match the IR imagery, so decided to manually calculate propagation from the IR imagery",N/A,In Precip,,,,Yes,No,No,Western Pacific,No,No,,,,Radiosonde,999.7,13.8,951.3,455.8,531,5357.1,397.8,7619.9,412.1,335.5,277.6,87,85.8,83.8,85.3,238.5,427.7,666.2,0,968.5,122.4,-6.36,433.7,,69.8,238.2,308,-52.9,924.4,252.8,-3.79,483.8,,9.95,321,26.84,144.1,36.2,54.8,39.82,80.3,,,,20731.7,501.5,45.21,90.5
20190917,82556,18,Organized,Weakening,1746726,6.7,110.7,19.04,126.43,1,19.82,124.3,11,10,"Technically associated with 1746726, but the tracked IMERG propagation does not match the IR imagery, so decided to manually calculate propagation from the IR imagery",N/A,In Cloud,,,,,No,No,Western Pacific,No,No,,,,Radiosonde,1000.7,13.8,950.9,465.2,543.3,5171.5,397.8,7621.1,420.2,338.4,275.2,90.7,84.9,73.6,81.1,276.6,460.9,737.5,-7.7,963.6,124.7,-7.67,392.6,,115.5,217.7,333.3,-70,914,194.3,-3.82,392.6,,11.26,290.9,21.7,127.6,21.29,93.8,29.85,111.1,,,,21753.4,500.8,41.56,110.5
20190917,112518,18,Organized,Weakening,1746726,6.7,110.7,19.04,126.43,1,19.82,124.3,11,10,"Technically associated with 1746726, but the tracked IMERG propagation does not match the IR imagery, so decided to manually calculate propagation from the IR imagery",N/A,In Cloud,,,,,No,No,Western Pacific,No,No,,,,Radiosonde,1002.9,13.8,942.9,562,558.5,4971.5,398.7,7621.8,424.6,340.5,277.1,87.9,87.4,84.3,86.4,157.7,329.3,487,-3,955.6,133.2,-5.38,398.4,,41.7,92.2,133.9,-94.9,913.9,317.1,-0.49,323.9,,3.5,198.1,17.36,121.9,19.68,99.8,36.9,115.9,,,,23975.1,497.8,37.41,111.4
20191005,23331,19,Organized,Growing,1866055,2.3,131.1,18.31,122.88,2,18.56,122.58,7,5,"Technically associated with 1866055, but the tracked IMERG propagation does not match the IR imagery, so decided to manually calculate propagation from the IR imagery",Convective,Clear Near,,,,,No,No,Western Pacific,No,No,,,,Dropsonde,1006.6,7.9,957,454.7,555.8,5025.9,535.5,5324.5,,,,88.1,66.2,,,315.6,,,-2.6,957.3,,,,,238.5,,,-1,934,,,,,4.96,192.6,9.52,82.8,,,,,,,,5324.53,497.7,,
20191005,42746,19,Organized,Mature,1866055,2.3,131.1,18.31,122.88,2,18.56,122.58,7,5,"Technically associated with 1866055, but the tracked IMERG propagation does not match the IR imagery, so decided to manually calculate propagation from the IR imagery",Stratiform,Clear Near,,,,,Yes,Yes,Western Pacific,No,No,,,,Dropsonde,1008.6,4.4,903.1,977.8,,,628.6,4041.9,,,,84.1,,,,,,,,,,,,,,,,,,,,,,13.26,142.7,,,,,,,,,,4041.93,499.5,,
20191005,43950,19,Organized,Mature,1866055,2.3,131.1,18.31,122.88,2,18.56,122.58,7,5,"Technically associated with 1866055, but the tracked IMERG propagation does not match the IR imagery, so decided to manually calculate propagation from the IR imagery",Convective,Clear Near,,,,,No,N/A,Western Pacific,No,No,,,,Dropsonde,1007.3,8.2,916.6,840,,,628,4043.5,,,,85.4,,,,,,,,,,,,,,,,,,,,,,,,,,,,,,,,,4043.48,498.8,,
20191005,55839,19,Organized,Mature,1866055,2.3,131.1,18.31,122.88,2,18.56,122.58,7,5,"Technically associated with 1866055, but the tracked IMERG propagation does not match the IR imagery, so decided to manually calculate propagation from the IR imagery",Convective,Clear Near,,,,,No,N/A,Western Pacific,No,No,,,,Dropsonde,1006.4,13.1,939.4,623.5,561.1,4951,440.3,6848.4,450.9,,,85.9,58.3,,,472.2,,,0,959.1,,,,,247.8,,,-2.9,922.7,,,,,2.74,169.7,,,,,,,,,,6848.38,502.2,,
20191005,60500,19,Organized,Mature,1866055,2.3,131.1,18.31,122.88,2,18.56,122.58,7,5,"Technically associated with 1866055, but the tracked IMERG propagation does not match the IR imagery, so decided to manually calculate propagation from the IR imagery",Convective,In Cloud,,,,,No,Yes,Western Pacific,No,No,,,,Dropsonde,1006.3,8,973.5,302.1,564.1,4898.1,436,6920.1,457.1,,,88.3,71,,,388.2,,,,967.7,,,,,345.3,,,,943.5,,,,,6.57,193.5,,,,,,,,,,6920.11,499,,
20191005,60821,19,Organized,Mature,1866055,2.3,131.1,18.31,122.88,2,18.56,122.58,7,5,"Technically associated with 1866055, but the tracked IMERG propagation does not match the IR imagery, so decided to manually calculate propagation from the IR imagery",Convective,Clear Near,,,,,No,Yes,Western Pacific,No,No,,,,Dropsonde,1006.3,14,940.8,609.1,556.4,5015.9,435.6,6933.1,453.7,,,92,66.7,,,480.5,,,0,961.5,,,,,329.9,,,-1.1,934.5,,,,,5.85,106.5,,,,,,,,,,6933.12,502.5,,
20191005,61045,19,Organized,Mature,1866055,2.3,131.1,18.31,122.88,2,18.56,122.58,7,5,"Technically associated with 1866055, but the tracked IMERG propagation does not match the IR imagery, so decided to manually calculate propagation from the IR imagery",Convective,Clear Near,,,,,No,No,Western Pacific,No,No,,,,Dropsonde,1006.6,7.3,934.5,664.3,556.5,5013.2,435.8,6926.4,455.8,,,88.8,77.7,,,401.7,,,,955.3,,,,,259.5,,,,931.7,,,,,5,168.4,,,,,,,,,,6926.41,502.4,,
20191005,61720,19,Organized,Mature,1866055,2.3,131.1,18.31,122.88,2,18.56,122.58,7,5,"Technically associated with 1866055, but the tracked IMERG propagation does not match the IR imagery, so decided to manually calculate propagation from the IR imagery",N/A,Clear Near,,,,,N/A,N/A,Western Pacific,No,No,,,,Dropsonde,1005.7,7.7,924.8,748,553.4,5040.4,437.5,6890.3,451.8,,,91.3,70.6,,,413,,,0,951.2,,,,,338.2,,,0,936.9,,,,,,,,,,,,,,,,6890.34,501.6,,
20191005,62352,19,Organized,Mature,1866055,2.3,131.1,18.31,122.88,2,18.56,122.58,7,5,"Technically associated with 1866055, but the tracked IMERG propagation does not match the IR imagery, so decided to manually calculate propagation from the IR imagery",Convective,In Cloud,,,,,No,No,Western Pacific,No,No,,,,Dropsonde,1005.9,7.8,938.1,625.8,562.9,4915.9,436.4,6909.9,457.2,,,88.9,69.3,,,378.8,,,-2.4,951.4,,,,,310.6,,,-0.4,932.4,,,,,0.87,172.3,,,,,,,,,,6909.94,498.8,,